INSERT INTO tb_category (uuid, name, created_at, updated_at) VALUES ('7776802e-55c6-44d1-99c1-95045c9681be', 'Books', NOW(), NOW());
INSERT INTO tb_category (uuid, name, created_at, updated_at) VALUES ('8e0748a4-7c61-48aa-91dd-e358da0fb81a', 'Electronics', NOW(), NOW());
INSERT INTO tb_category (uuid, name, created_at, updated_at) VALUES ('3d9f2f45-4c63-4daa-8285-292d5625d506', 'Computers', NOW(), NOW());

INSERT INTO tb_product (uuid, name, price, description, img_url, created_at, updated_at) VALUES ('ba005e67-e457-48f3-8cf9-9e40c7e36a95', 'The Lord of the Rings', 90.5, 'Lorem ipsum dolor sit amet, consectetur adipiscing elit, sed do eiusmod tempor incididunt ut labore et dolore magna aliqua. Ut enim ad minim veniam, quis nostrud exercitation ullamco laboris nisi ut aliquip ex ea commodo consequat. Duis aute irure dolor in reprehenderit in voluptate velit esse cillum dolore eu fugiat nulla pariatur. Excepteur sint occaecat cupidatat non proident, sunt in culpa qui officia deserunt mollit anim id est laborum.', 'https://raw.githubusercontent.com/devsuperior/dscatalog-resources/master/backend/img/1-big.jpg', NOW(), NOW());
INSERT INTO tb_product (uuid, name, price, description, img_url, created_at, updated_at) VALUES ('75b9fb70-c9b2-4f23-825e-99a89f9315fe', 'Smart TV', 2190.0, 'Lorem ipsum dolor sit amet, consectetur adipiscing elit, sed do eiusmod tempor incididunt ut labore et dolore magna aliqua. Ut enim ad minim veniam, quis nostrud exercitation ullamco laboris nisi ut aliquip ex ea commodo consequat. Duis aute irure dolor in reprehenderit in voluptate velit esse cillum dolore eu fugiat nulla pariatur. Excepteur sint occaecat cupidatat non proident, sunt in culpa qui officia deserunt mollit anim id est laborum.', 'https://raw.githubusercontent.com/devsuperior/dscatalog-resources/master/backend/img/2-big.jpg', NOW(), NOW());
INSERT INTO tb_product (uuid, name, price, description, img_url, created_at, updated_at) VALUES ('50ce73df-3a2d-45c0-a929-0721a0aa7812', 'Macbook Pro', 1250.0, 'Lorem ipsum dolor sit amet, consectetur adipiscing elit, sed do eiusmod tempor incididunt ut labore et dolore magna aliqua. Ut enim ad minim veniam, quis nostrud exercitation ullamco laboris nisi ut aliquip ex ea commodo consequat. Duis aute irure dolor in reprehenderit in voluptate velit esse cillum dolore eu fugiat nulla pariatur. Excepteur sint occaecat cupidatat non proident, sunt in culpa qui officia deserunt mollit anim id est laborum.', 'https://raw.githubusercontent.com/devsuperior/dscatalog-resources/master/backend/img/3-big.jpg', NOW(), NOW());
INSERT INTO tb_product (uuid, name, price, description, img_url, created_at, updated_at) VALUES ('6518fa92-5a95-4947-b9be-b900362a712f', 'PC Gamer', 1200.0, 'Lorem ipsum dolor sit amet, consectetur adipiscing elit, sed do eiusmod tempor incididunt ut labore et dolore magna aliqua. Ut enim ad minim veniam, quis nostrud exercitation ullamco laboris nisi ut aliquip ex ea commodo consequat. Duis aute irure dolor in reprehenderit in voluptate velit esse cillum dolore eu fugiat nulla pariatur. Excepteur sint occaecat cupidatat non proident, sunt in culpa qui officia deserunt mollit anim id est laborum.', 'https://raw.githubusercontent.com/devsuperior/dscatalog-resources/master/backend/img/4-big.jpg', NOW(), NOW());
INSERT INTO tb_product (uuid, name, price, description, img_url, created_at, updated_at) VALUES ('943a6574-10a5-488a-9f8a-14a5f16b2604', 'Rails for Dummies', 1350.0, 'Lorem ipsum dolor sit amet, consectetur adipiscing elit, sed do eiusmod tempor incididunt ut labore et dolore magna aliqua. Ut enim ad minim veniam, quis nostrud exercitation ullamco laboris nisi ut aliquip ex ea commodo consequat. Duis aute irure dolor in reprehenderit in voluptate velit esse cillum dolore eu fugiat nulla pariatur. Excepteur sint occaecat cupidatat non proident, sunt in culpa qui officia deserunt mollit anim id est laborum.', 'https://raw.githubusercontent.com/devsuperior/dscatalog-resources/master/backend/img/5-big.jpg', NOW(), NOW());
INSERT INTO tb_product (uuid, name, price, description, img_url, created_at, updated_at) VALUES ('b6e66ab6-a7e2-4326-914a-9251ef675e3d', 'PC Gamer Ex', 1350.0, 'Lorem ipsum dolor sit amet, consectetur adipiscing elit, sed do eiusmod tempor incididunt ut labore et dolore magna aliqua. Ut enim ad minim veniam, quis nostrud exercitation ullamco laboris nisi ut aliquip ex ea commodo consequat. Duis aute irure dolor in reprehenderit in voluptate velit esse cillum dolore eu fugiat nulla pariatur. Excepteur sint occaecat cupidatat non proident, sunt in culpa qui officia deserunt mollit anim id est laborum.', 'https://raw.githubusercontent.com/devsuperior/dscatalog-resources/master/backend/img/6-big.jpg', NOW(), NOW());
INSERT INTO tb_product (uuid, name, price, description, img_url, created_at, updated_at) VALUES ('f8506b9a-d83d-4799-98e0-0626de5c406f', 'PC Gamer X', 1350.0, 'Lorem ipsum dolor sit amet, consectetur adipiscing elit, sed do eiusmod tempor incididunt ut labore et dolore magna aliqua. Ut enim ad minim veniam, quis nostrud exercitation ullamco laboris nisi ut aliquip ex ea commodo consequat. Duis aute irure dolor in reprehenderit in voluptate velit esse cillum dolore eu fugiat nulla pariatur. Excepteur sint occaecat cupidatat non proident, sunt in culpa qui officia deserunt mollit anim id est laborum.', 'https://raw.githubusercontent.com/devsuperior/dscatalog-resources/master/backend/img/7-big.jpg', NOW(), NOW());
INSERT INTO tb_product (uuid, name, price, description, img_url, created_at, updated_at) VALUES ('b6a4e358-8083-4313-97a9-7616951731bb', 'PC Gamer Alfa', 1850.0, 'Lorem ipsum dolor sit amet, consectetur adipiscing elit, sed do eiusmod tempor incididunt ut labore et dolore magna aliqua. Ut enim ad minim veniam, quis nostrud exercitation ullamco laboris nisi ut aliquip ex ea commodo consequat. Duis aute irure dolor in reprehenderit in voluptate velit esse cillum dolore eu fugiat nulla pariatur. Excepteur sint occaecat cupidatat non proident, sunt in culpa qui officia deserunt mollit anim id est laborum.', 'https://raw.githubusercontent.com/devsuperior/dscatalog-resources/master/backend/img/8-big.jpg', NOW(), NOW());
INSERT INTO tb_product (uuid, name, price, description, img_url, created_at, updated_at) VALUES ('774a39a9-909c-43cb-9e8d-2e2b3912970b', 'PC Gamer Tera', 1950.0, 'Lorem ipsum dolor sit amet, consectetur adipiscing elit, sed do eiusmod tempor incididunt ut labore et dolore magna aliqua. Ut enim ad minim veniam, quis nostrud exercitation ullamco laboris nisi ut aliquip ex ea commodo consequat. Duis aute irure dolor in reprehenderit in voluptate velit esse cillum dolore eu fugiat nulla pariatur. Excepteur sint occaecat cupidatat non proident, sunt in culpa qui officia deserunt mollit anim id est laborum.', 'https://raw.githubusercontent.com/devsuperior/dscatalog-resources/master/backend/img/9-big.jpg', NOW(), NOW());
INSERT INTO tb_product (uuid, name, price, description, img_url, created_at, updated_at) VALUES ('c18a55a1-6039-466e-9ebc-bd978ca757bb', 'PC Gamer Y', 1700.0, 'Lorem ipsum dolor sit amet, consectetur adipiscing elit, sed do eiusmod tempor incididunt ut labore et dolore magna aliqua. Ut enim ad minim veniam, quis nostrud exercitation ullamco laboris nisi ut aliquip ex ea commodo consequat. Duis aute irure dolor in reprehenderit in voluptate velit esse cillum dolore eu fugiat nulla pariatur. Excepteur sint occaecat cupidatat non proident, sunt in culpa qui officia deserunt mollit anim id est laborum.', 'https://raw.githubusercontent.com/devsuperior/dscatalog-resources/master/backend/img/10-big.jpg', NOW(), NOW());
INSERT INTO tb_product (uuid, name, price, description, img_url, created_at, updated_at) VALUES ('cb27bbc3-2077-4216-9171-8682b38f9d38', 'PC Gamer Nitro', 1450.0, 'Lorem ipsum dolor sit amet, consectetur adipiscing elit, sed do eiusmod tempor incididunt ut labore et dolore magna aliqua. Ut enim ad minim veniam, quis nostrud exercitation ullamco laboris nisi ut aliquip ex ea commodo consequat. Duis aute irure dolor in reprehenderit in voluptate velit esse cillum dolore eu fugiat nulla pariatur. Excepteur sint occaecat cupidatat non proident, sunt in culpa qui officia deserunt mollit anim id est laborum.', 'https://raw.githubusercontent.com/devsuperior/dscatalog-resources/master/backend/img/11-big.jpg', NOW(), NOW());
INSERT INTO tb_product (uuid, name, price, description, img_url, created_at, updated_at) VALUES ('3db1779e-e0d0-48d8-85f4-643a669ef911', 'PC Gamer Card', 1850.0, 'Lorem ipsum dolor sit amet, consectetur adipiscing elit, sed do eiusmod tempor incididunt ut labore et dolore magna aliqua. Ut enim ad minim veniam, quis nostrud exercitation ullamco laboris nisi ut aliquip ex ea commodo consequat. Duis aute irure dolor in reprehenderit in voluptate velit esse cillum dolore eu fugiat nulla pariatur. Excepteur sint occaecat cupidatat non proident, sunt in culpa qui officia deserunt mollit anim id est laborum.', 'https://raw.githubusercontent.com/devsuperior/dscatalog-resources/master/backend/img/12-big.jpg', NOW(), NOW());
INSERT INTO tb_product (uuid, name, price, description, img_url, created_at, updated_at) VALUES ('5bbd1649-cddd-4a41-aa1f-99bbaab322c7', 'PC Gamer Plus', 1350.0, 'Lorem ipsum dolor sit amet, consectetur adipiscing elit, sed do eiusmod tempor incididunt ut labore et dolore magna aliqua. Ut enim ad minim veniam, quis nostrud exercitation ullamco laboris nisi ut aliquip ex ea commodo consequat. Duis aute irure dolor in reprehenderit in voluptate velit esse cillum dolore eu fugiat nulla pariatur. Excepteur sint occaecat cupidatat non proident, sunt in culpa qui officia deserunt mollit anim id est laborum.', 'https://raw.githubusercontent.com/devsuperior/dscatalog-resources/master/backend/img/13-big.jpg', NOW(), NOW());
INSERT INTO tb_product (uuid, name, price, description, img_url, created_at, updated_at) VALUES ('842aafa2-6375-46c6-974d-0407d65253b9', 'PC Gamer Hera', 2250.0, 'Lorem ipsum dolor sit amet, consectetur adipiscing elit, sed do eiusmod tempor incididunt ut labore et dolore magna aliqua. Ut enim ad minim veniam, quis nostrud exercitation ullamco laboris nisi ut aliquip ex ea commodo consequat. Duis aute irure dolor in reprehenderit in voluptate velit esse cillum dolore eu fugiat nulla pariatur. Excepteur sint occaecat cupidatat non proident, sunt in culpa qui officia deserunt mollit anim id est laborum.', 'https://raw.githubusercontent.com/devsuperior/dscatalog-resources/master/backend/img/14-big.jpg', NOW(), NOW());
INSERT INTO tb_product (uuid, name, price, description, img_url, created_at, updated_at) VALUES ('5ceb73aa-d972-48e5-8678-75c533a8b19f', 'PC Gamer Weed', 2200.0, 'Lorem ipsum dolor sit amet, consectetur adipiscing elit, sed do eiusmod tempor incididunt ut labore et dolore magna aliqua. Ut enim ad minim veniam, quis nostrud exercitation ullamco laboris nisi ut aliquip ex ea commodo consequat. Duis aute irure dolor in reprehenderit in voluptate velit esse cillum dolore eu fugiat nulla pariatur. Excepteur sint occaecat cupidatat non proident, sunt in culpa qui officia deserunt mollit anim id est laborum.', 'https://raw.githubusercontent.com/devsuperior/dscatalog-resources/master/backend/img/15-big.jpg', NOW(), NOW());
INSERT INTO tb_product (uuid, name, price, description, img_url, created_at, updated_at) VALUES ('7fff4fd9-feca-40d7-a755-ee53e531fa0a', 'PC Gamer Max', 2340.0, 'Lorem ipsum dolor sit amet, consectetur adipiscing elit, sed do eiusmod tempor incididunt ut labore et dolore magna aliqua. Ut enim ad minim veniam, quis nostrud exercitation ullamco laboris nisi ut aliquip ex ea commodo consequat. Duis aute irure dolor in reprehenderit in voluptate velit esse cillum dolore eu fugiat nulla pariatur. Excepteur sint occaecat cupidatat non proident, sunt in culpa qui officia deserunt mollit anim id est laborum.', 'https://raw.githubusercontent.com/devsuperior/dscatalog-resources/master/backend/img/16-big.jpg', NOW(), NOW());
INSERT INTO tb_product (uuid, name, price, description, img_url, created_at, updated_at) VALUES ('49c6af36-337c-4219-b88a-975db0997874', 'PC Gamer Turbo', 1280.0, 'Lorem ipsum dolor sit amet, consectetur adipiscing elit, sed do eiusmod tempor incididunt ut labore et dolore magna aliqua. Ut enim ad minim veniam, quis nostrud exercitation ullamco laboris nisi ut aliquip ex ea commodo consequat. Duis aute irure dolor in reprehenderit in voluptate velit esse cillum dolore eu fugiat nulla pariatur. Excepteur sint occaecat cupidatat non proident, sunt in culpa qui officia deserunt mollit anim id est laborum.', 'https://raw.githubusercontent.com/devsuperior/dscatalog-resources/master/backend/img/17-big.jpg', NOW(), NOW());
INSERT INTO tb_product (uuid, name, price, description, img_url, created_at, updated_at) VALUES ('fb00a68e-0d00-41e2-80e1-d31679899df0', 'PC Gamer Hot', 1450.0, 'Lorem ipsum dolor sit amet, consectetur adipiscing elit, sed do eiusmod tempor incididunt ut labore et dolore magna aliqua. Ut enim ad minim veniam, quis nostrud exercitation ullamco laboris nisi ut aliquip ex ea commodo consequat. Duis aute irure dolor in reprehenderit in voluptate velit esse cillum dolore eu fugiat nulla pariatur. Excepteur sint occaecat cupidatat non proident, sunt in culpa qui officia deserunt mollit anim id est laborum.', 'https://raw.githubusercontent.com/devsuperior/dscatalog-resources/master/backend/img/18-big.jpg', NOW(), NOW());
INSERT INTO tb_product (uuid, name, price, description, img_url, created_at, updated_at) VALUES ('61f0a9cb-4492-4fe2-9d32-a640093de305', 'PC Gamer Ez', 1750.0, 'Lorem ipsum dolor sit amet, consectetur adipiscing elit, sed do eiusmod tempor incididunt ut labore et dolore magna aliqua. Ut enim ad minim veniam, quis nostrud exercitation ullamco laboris nisi ut aliquip ex ea commodo consequat. Duis aute irure dolor in reprehenderit in voluptate velit esse cillum dolore eu fugiat nulla pariatur. Excepteur sint occaecat cupidatat non proident, sunt in culpa qui officia deserunt mollit anim id est laborum.', 'https://raw.githubusercontent.com/devsuperior/dscatalog-resources/master/backend/img/19-big.jpg', NOW(), NOW());
INSERT INTO tb_product (uuid, name, price, description, img_url, created_at, updated_at) VALUES ('311a183d-a6af-4520-9cbb-95420522cdf6', 'PC Gamer Tr', 1650.0, 'Lorem ipsum dolor sit amet, consectetur adipiscing elit, sed do eiusmod tempor incididunt ut labore et dolore magna aliqua. Ut enim ad minim veniam, quis nostrud exercitation ullamco laboris nisi ut aliquip ex ea commodo consequat. Duis aute irure dolor in reprehenderit in voluptate velit esse cillum dolore eu fugiat nulla pariatur. Excepteur sint occaecat cupidatat non proident, sunt in culpa qui officia deserunt mollit anim id est laborum.', 'https://raw.githubusercontent.com/devsuperior/dscatalog-resources/master/backend/img/20-big.jpg', NOW(), NOW());
INSERT INTO tb_product (uuid, name, price, description, img_url, created_at, updated_at) VALUES ('32ba5674-93c6-4f29-a52f-d5a0cca550fe', 'PC Gamer Tx', 1680.0, 'Lorem ipsum dolor sit amet, consectetur adipiscing elit, sed do eiusmod tempor incididunt ut labore et dolore magna aliqua. Ut enim ad minim veniam, quis nostrud exercitation ullamco laboris nisi ut aliquip ex ea commodo consequat. Duis aute irure dolor in reprehenderit in voluptate velit esse cillum dolore eu fugiat nulla pariatur. Excepteur sint occaecat cupidatat non proident, sunt in culpa qui officia deserunt mollit anim id est laborum.', 'https://raw.githubusercontent.com/devsuperior/dscatalog-resources/master/backend/img/21-big.jpg', NOW(), NOW());
INSERT INTO tb_product (uuid, name, price, description, img_url, created_at, updated_at) VALUES ('07d08fef-6b2a-4beb-bb42-59649e7ccf3f', 'PC Gamer Er', 1850.0, 'Lorem ipsum dolor sit amet, consectetur adipiscing elit, sed do eiusmod tempor incididunt ut labore et dolore magna aliqua. Ut enim ad minim veniam, quis nostrud exercitation ullamco laboris nisi ut aliquip ex ea commodo consequat. Duis aute irure dolor in reprehenderit in voluptate velit esse cillum dolore eu fugiat nulla pariatur. Excepteur sint occaecat cupidatat non proident, sunt in culpa qui officia deserunt mollit anim id est laborum.', 'https://raw.githubusercontent.com/devsuperior/dscatalog-resources/master/backend/img/22-big.jpg', NOW(), NOW());
INSERT INTO tb_product (uuid, name, price, description, img_url, created_at, updated_at) VALUES ('d36b82a0-0e44-4b87-b8c6-866ec3e1b460', 'PC Gamer Min', 2250.0, 'Lorem ipsum dolor sit amet, consectetur adipiscing elit, sed do eiusmod tempor incididunt ut labore et dolore magna aliqua. Ut enim ad minim veniam, quis nostrud exercitation ullamco laboris nisi ut aliquip ex ea commodo consequat. Duis aute irure dolor in reprehenderit in voluptate velit esse cillum dolore eu fugiat nulla pariatur. Excepteur sint occaecat cupidatat non proident, sunt in culpa qui officia deserunt mollit anim id est laborum.', 'https://raw.githubusercontent.com/devsuperior/dscatalog-resources/master/backend/img/23-big.jpg', NOW(), NOW());
INSERT INTO tb_product (uuid, name, price, description, img_url, created_at, updated_at) VALUES ('63b706d7-091e-4825-a41b-2d8374bb62b2', 'PC Gamer Boo', 2350.0, 'Lorem ipsum dolor sit amet, consectetur adipiscing elit, sed do eiusmod tempor incididunt ut labore et dolore magna aliqua. Ut enim ad minim veniam, quis nostrud exercitation ullamco laboris nisi ut aliquip ex ea commodo consequat. Duis aute irure dolor in reprehenderit in voluptate velit esse cillum dolore eu fugiat nulla pariatur. Excepteur sint occaecat cupidatat non proident, sunt in culpa qui officia deserunt mollit anim id est laborum.', 'https://raw.githubusercontent.com/devsuperior/dscatalog-resources/master/backend/img/24-big.jpg', NOW(), NOW());
INSERT INTO tb_product (uuid, name, price, description, img_url, created_at, updated_at) VALUES ('2b17b80c-5c97-4635-bfa1-939e86548eda', 'PC Gamer Foo', 4170.0, 'Lorem ipsum dolor sit amet, consectetur adipiscing elit, sed do eiusmod tempor incididunt ut labore et dolore magna aliqua. Ut enim ad minim veniam, quis nostrud exercitation ullamco laboris nisi ut aliquip ex ea commodo consequat. Duis aute irure dolor in reprehenderit in voluptate velit esse cillum dolore eu fugiat nulla pariatur. Excepteur sint occaecat cupidatat non proident, sunt in culpa qui officia deserunt mollit anim id est laborum.', 'https://raw.githubusercontent.com/devsuperior/dscatalog-resources/master/backend/img/25-big.jpg', NOW(), NOW());

INSERT INTO tb_product_category (product_uuid, category_uuid) VALUES ('ba005e67-e457-48f3-8cf9-9e40c7e36a95', '8e0748a4-7c61-48aa-91dd-e358da0fb81a');
INSERT INTO tb_product_category (product_uuid, category_uuid) VALUES ('75b9fb70-c9b2-4f23-825e-99a89f9315fe', '8e0748a4-7c61-48aa-91dd-e358da0fb81a');
INSERT INTO tb_product_category (product_uuid, category_uuid) VALUES ('75b9fb70-c9b2-4f23-825e-99a89f9315fe', '3d9f2f45-4c63-4daa-8285-292d5625d506');
INSERT INTO tb_product_category (product_uuid, category_uuid) VALUES ('50ce73df-3a2d-45c0-a929-0721a0aa7812', '3d9f2f45-4c63-4daa-8285-292d5625d506');
INSERT INTO tb_product_category (product_uuid, category_uuid) VALUES ('6518fa92-5a95-4947-b9be-b900362a712f', '3d9f2f45-4c63-4daa-8285-292d5625d506');
INSERT INTO tb_product_category (product_uuid, category_uuid) VALUES ('943a6574-10a5-488a-9f8a-14a5f16b2604', '8e0748a4-7c61-48aa-91dd-e358da0fb81a');
INSERT INTO tb_product_category (product_uuid, category_uuid) VALUES ('b6e66ab6-a7e2-4326-914a-9251ef675e3d', '3d9f2f45-4c63-4daa-8285-292d5625d506');
INSERT INTO tb_product_category (product_uuid, category_uuid) VALUES ('f8506b9a-d83d-4799-98e0-0626de5c406f', '3d9f2f45-4c63-4daa-8285-292d5625d506');
INSERT INTO tb_product_category (product_uuid, category_uuid) VALUES ('b6a4e358-8083-4313-97a9-7616951731bb', '3d9f2f45-4c63-4daa-8285-292d5625d506');
INSERT INTO tb_product_category (product_uuid, category_uuid) VALUES ('774a39a9-909c-43cb-9e8d-2e2b3912970b', '3d9f2f45-4c63-4daa-8285-292d5625d506');
INSERT INTO tb_product_category (product_uuid, category_uuid) VALUES ('c18a55a1-6039-466e-9ebc-bd978ca757bb', '3d9f2f45-4c63-4daa-8285-292d5625d506');
INSERT INTO tb_product_category (product_uuid, category_uuid) VALUES ('cb27bbc3-2077-4216-9171-8682b38f9d38', '3d9f2f45-4c63-4daa-8285-292d5625d506');
INSERT INTO tb_product_category (product_uuid, category_uuid) VALUES ('3db1779e-e0d0-48d8-85f4-643a669ef911', '3d9f2f45-4c63-4daa-8285-292d5625d506');
INSERT INTO tb_product_category (product_uuid, category_uuid) VALUES ('5bbd1649-cddd-4a41-aa1f-99bbaab322c7', '3d9f2f45-4c63-4daa-8285-292d5625d506');
INSERT INTO tb_product_category (product_uuid, category_uuid) VALUES ('842aafa2-6375-46c6-974d-0407d65253b9', '3d9f2f45-4c63-4daa-8285-292d5625d506');
INSERT INTO tb_product_category (product_uuid, category_uuid) VALUES ('5ceb73aa-d972-48e5-8678-75c533a8b19f', '3d9f2f45-4c63-4daa-8285-292d5625d506');
INSERT INTO tb_product_category (product_uuid, category_uuid) VALUES ('7fff4fd9-feca-40d7-a755-ee53e531fa0a', '3d9f2f45-4c63-4daa-8285-292d5625d506');
INSERT INTO tb_product_category (product_uuid, category_uuid) VALUES ('49c6af36-337c-4219-b88a-975db0997874', '3d9f2f45-4c63-4daa-8285-292d5625d506');
INSERT INTO tb_product_category (product_uuid, category_uuid) VALUES ('fb00a68e-0d00-41e2-80e1-d31679899df0', '3d9f2f45-4c63-4daa-8285-292d5625d506');
INSERT INTO tb_product_category (product_uuid, category_uuid) VALUES ('61f0a9cb-4492-4fe2-9d32-a640093de305', '3d9f2f45-4c63-4daa-8285-292d5625d506');
INSERT INTO tb_product_category (product_uuid, category_uuid) VALUES ('311a183d-a6af-4520-9cbb-95420522cdf6', '3d9f2f45-4c63-4daa-8285-292d5625d506');
INSERT INTO tb_product_category (product_uuid, category_uuid) VALUES ('32ba5674-93c6-4f29-a52f-d5a0cca550fe', '3d9f2f45-4c63-4daa-8285-292d5625d506');
INSERT INTO tb_product_category (product_uuid, category_uuid) VALUES ('07d08fef-6b2a-4beb-bb42-59649e7ccf3f', '3d9f2f45-4c63-4daa-8285-292d5625d506');
INSERT INTO tb_product_category (product_uuid, category_uuid) VALUES ('d36b82a0-0e44-4b87-b8c6-866ec3e1b460', '3d9f2f45-4c63-4daa-8285-292d5625d506');
INSERT INTO tb_product_category (product_uuid, category_uuid) VALUES ('63b706d7-091e-4825-a41b-2d8374bb62b2', '3d9f2f45-4c63-4daa-8285-292d5625d506');
INSERT INTO tb_product_category (product_uuid, category_uuid) VALUES ('2b17b80c-5c97-4635-bfa1-939e86548eda', '3d9f2f45-4c63-4daa-8285-292d5625d506');
